{"cameraMode":{"drawMode":0,"name":"Shaded","section":"Shading Mode"},"sceneLighting":false,"audioPlay":false,"sceneViewState":{"showFog":false,"showMaterialUpdate":false,"showSkybox":false,"showFlares":false,"showImageEffects":false,"showParticleSystems":false},"in2DMode":false,"pivot":{"x":0.6555119752883911,"y":0.3645195960998535,"z":2.950042247772217},"rotation":{"x":0.3087214231491089,"y":-0.07977320998907089,"z":0.025994356721639634,"w":0.9474362134933472},"size":9.048612594604493,"orthographic":false}