{"cameraMode":{"drawMode":2,"name":"Shaded Wireframe","section":"Shading Mode"},"sceneLighting":false,"audioPlay":false,"sceneViewState":{"showFog":false,"showMaterialUpdate":false,"showSkybox":false,"showFlares":false,"showImageEffects":false,"showParticleSystems":false},"in2DMode":false,"pivot":{"x":0.6546353101730347,"y":-0.4406459331512451,"z":1.1069958209991456},"rotation":{"x":0.13342051208019257,"y":-0.8583296537399292,"z":0.4086134731769562,"w":0.28026288747787478},"size":4.668663024902344,"orthographic":false}