{"cameraMode":{"drawMode":2,"name":"Shaded Wireframe","section":"Shading Mode"},"sceneLighting":false,"audioPlay":false,"sceneViewState":{"showFog":false,"showMaterialUpdate":false,"showSkybox":false,"showFlares":false,"showImageEffects":false,"showParticleSystems":false},"in2DMode":false,"pivot":{"x":0.2904078960418701,"y":-0.7038815021514893,"z":1.8853116035461426},"rotation":{"x":-0.2727477252483368,"y":0.02077704668045044,"z":-0.005890621803700924,"w":-0.9618591666221619},"size":6.16866397857666,"orthographic":false}