{"cameraMode":{"drawMode":0,"name":"Shaded","section":"Shading Mode"},"sceneLighting":false,"audioPlay":false,"sceneViewState":{"showFog":false,"showMaterialUpdate":false,"showSkybox":false,"showFlares":false,"showImageEffects":false,"showParticleSystems":false},"in2DMode":false,"pivot":{"x":1.0287199020385743,"y":-3.0114123821258547,"z":2.151658058166504},"rotation":{"x":0.4629174768924713,"y":0.025255514308810235,"z":-0.013195413164794445,"w":0.8859348893165588},"size":8.927879333496094,"orthographic":false}