{"cameraMode":{"drawMode":0,"name":"Shaded","section":"Shading Mode"},"sceneLighting":false,"audioPlay":false,"sceneViewState":{"showFog":false,"showMaterialUpdate":false,"showSkybox":false,"showFlares":false,"showImageEffects":false,"showParticleSystems":false},"in2DMode":false,"pivot":{"x":0.9382047653198242,"y":0.8693220615386963,"z":8.963520050048829},"rotation":{"x":-0.08831655234098435,"y":0.03883589431643486,"z":0.003448831383138895,"w":0.9953179955482483},"size":14.747757911682129,"orthographic":false}